222,312 min
223,62 min
224,135 min
225,149 min
226,13 Seasons
227,15 Seasons
228,20 min
229,69 min
230,52 min
231,129 min
232,174 min
233,67 min
234,147 min
235,45 min
236,154 min
237,190 min
238,17 min
239,178 min
240,131 min
241,11 Seasons
242,159 min
243,125 min
244,228 min
245,103 min
246,186 min
247,56 min
248,130 min
249,65 min
250,38 min
251,194 min
252,98 min
253,112 min
254,78 min
255,115 min
256,230 min
257,214 min
258,110 min
259,73 min
260,145 min
261,160 min
262,105 min
263,203 min
264,64 min
265,191 min
266,85 min
267,253 min
268,113 min
269,123 min
270,150 min
271,157 min
272,23 min
273,34 min
274,72 min
275,189 min
276,11 min
277,49 min
278,132 min
279,233 min
280,92 min
281,13 min
282,41 min
283,133 min
284,54 min
285,200 min
286,205 min
287,137 min
288,36 min
289,192 min
290,10 min
291,148 min
292,
293,140 min
294,75 min
295,139 min
296,9 Seasons
297,143 min
298,180 min
299,99 min
300,169 min
301,12 min
302,138 min
303,51 min
304,59 min
305,60 min
306,2 Seasons
307,106 min
308,31 min
309,126 min
310,165 min
311,156 min
312,30 min
313,1 Season
314,127 min
315,168 min
316,142 min
317,193 min
318,70 min
319,204 min
320,50 min
321,124 min
322,22 min
323,39 min
324,136 min
325,79 min
326,8 min
327,3 min
328,104 min
329,163 min
330,94 min
331,68 min
332,229 min
333,48 min
334,55 min
335,182 min
336,181 min
337,208 min
338,84 min
339,61 min
340,80 min
341,26 min
342,71 min
343,134 min
344,116 min
345,37 min
346,237 min
347,91 min
348,128 min
349,8 Seasons
350,107 min
351,97 min
352,29 min
353,33 min
354,185 min
355,146 min
356,12 Seasons
357,46 min
358,77 min
359,14 min
360,66 min
361,167 min
362,15 min
363,119 min
364,3 Seasons
365,109 min
366,100 min
367,95 min
368,32 min
369,7 Seasons
370,90 min
371,162 min
372,114 min
373,25 min
374,19 min
375,42 min
376,141 min
377,57 min
378,117 min
379,28 min
380,10 Seasons
381,176 min
382,273 min
383,108 min
384,173 min
385,120 min
386,177 min
387,5 min
388,151 min
389,83 min
390,224 min
391,153 min
392,152 min
393,111 min
394,195 min
395,166 min
396,187 min
397,101 min
398,179 min
399,5 Seasons
400,87 min
401,88 min
402,24 min
403,209 min
404,122 min
405,171 min
406,201 min
407,102 min
408,4 Seasons
409,93 min
410,144 min
411,82 min
412,158 min
413,16 min
414,76 min
415,58 min
416,21 min
417,74 min
418,118 min
419,212 min
420,53 min
421,6 Seasons
422,155 min
423,89 min
424,161 min
425,44 min
426,40 min
427,172 min
428,35 min
429,43 min
430,121 min
431,9 min
432,86 min
433,17 Seasons
434,96 min
435,164 min
436,27 min
437,170 min
438,18 min
439,196 min
440,81 min
441,47 min
442,63 min
